{
  "lstm_90_2026": {
    "mse": 426724.25,
    "mae": 517.5088500976562,
    "last_loss": 0.010973987982831371
  },
  "lstm_90_2027": {
    "mse": 482141.375,
    "mae": 551.87255859375,
    "last_loss": 0.010390046210041349
  },
  "lstm_90_2028": {
    "mse": 467300.25,
    "mae": 543.3753051757812,
    "last_loss": 0.010698891598993624
  },
  "lstm_90_2029": {
    "mse": 458366.65625,
    "mae": 537.0678100585938,
    "last_loss": 0.011010577206985213
  },
  "lstm_90_2030": {
    "mse": 482134.6875,
    "mae": 552.675048828125,
    "last_loss": 0.010688813678710394
  },
  "transformer_90_2026": {
    "mse": 503284.9375,
    "mae": 562.6024780273438,
    "last_loss": 0.013097131546114532
  },
  "transformer_90_2027": {
    "mse": 470284.4375,
    "mae": 533.2831420898438,
    "last_loss": 0.012409802250773974
  },
  "transformer_90_2028": {
    "mse": 511840.4375,
    "mae": 567.712646484375,
    "last_loss": 0.013995261311950818
  },
  "transformer_90_2029": {
    "mse": 566649.9375,
    "mae": 605.6182861328125,
    "last_loss": 0.013428438389280312
  },
  "transformer_90_2030": {
    "mse": 601462.25,
    "mae": 622.383056640625,
    "last_loss": 0.01475041229802538
  },
  "hybrid_90_2026": {
    "mse": 461987.75,
    "mae": 535.1298217773438,
    "last_loss": 0.01220292136282988
  },
  "hybrid_90_2027": {
    "mse": 460864.375,
    "mae": 536.9601440429688,
    "last_loss": 0.009940337271652592
  },
  "hybrid_90_2028": {
    "mse": 462363.875,
    "mae": 538.1038818359375,
    "last_loss": 0.010001430812645967
  },
  "hybrid_90_2029": {
    "mse": 574601.375,
    "mae": 606.2342529296875,
    "last_loss": 0.011215664866104933
  },
  "hybrid_90_2030": {
    "mse": 484012.3125,
    "mae": 551.5645751953125,
    "last_loss": 0.011489272812827371
  },
  "lstm_365_2026": {
    "mse": 248614.140625,
    "mae": 386.1986999511719,
    "last_loss": 0.013626280351964688
  },
  "lstm_365_2027": {
    "mse": 252307.171875,
    "mae": 390.5573425292969,
    "last_loss": 0.0137676722640267
  },
  "lstm_365_2028": {
    "mse": 252642.484375,
    "mae": 389.0971984863281,
    "last_loss": 0.0140549740611032
  },
  "lstm_365_2029": {
    "mse": 253652.265625,
    "mae": 390.8249816894531,
    "last_loss": 0.013524594252655734
  },
  "lstm_365_2030": {
    "mse": 242060.40625,
    "mae": 380.8919677734375,
    "last_loss": 0.012772502034343143
  },
  "transformer_365_2026": {
    "mse": 271553.625,
    "mae": 404.4125671386719,
    "last_loss": 0.0201787047037289
  },
  "transformer_365_2027": {
    "mse": 271728.25,
    "mae": 403.48138427734375,
    "last_loss": 0.019017739958883145
  },
  "transformer_365_2028": {
    "mse": 282161.25,
    "mae": 413.3479309082031,
    "last_loss": 0.019944396524756842
  },
  "transformer_365_2029": {
    "mse": 279753.5,
    "mae": 411.03289794921875,
    "last_loss": 0.020774545395943898
  },
  "transformer_365_2030": {
    "mse": 281304.4375,
    "mae": 411.77069091796875,
    "last_loss": 0.019885466170239775
  },
  "hybrid_365_2026": {
    "mse": 256637.671875,
    "mae": 394.14312744140625,
    "last_loss": 0.01455173417353691
  },
  "hybrid_365_2027": {
    "mse": 256457.8125,
    "mae": 392.92047119140625,
    "last_loss": 0.015142935414007092
  },
  "hybrid_365_2028": {
    "mse": 254524.53125,
    "mae": 390.2596740722656,
    "last_loss": 0.014024888813724493
  },
  "hybrid_365_2029": {
    "mse": 254934.796875,
    "mae": 391.2900695800781,
    "last_loss": 0.01466751805547968
  },
  "hybrid_365_2030": {
    "mse": 257148.390625,
    "mae": 393.2341613769531,
    "last_loss": 0.01456748047023503
  }
}