{
  "lstm_90_2026": {
    "mse": 481135.5625,
    "mae": 548.8071899414062,
    "last_loss": 0.0072520985005712
  },
  "lstm_90_2027": {
    "mse": 483986.25,
    "mae": 553.5403442382812,
    "last_loss": 0.007163077487911977
  },
  "lstm_90_2028": {
    "mse": 494244.5,
    "mae": 562.9324951171875,
    "last_loss": 0.007328764607631405
  },
  "lstm_90_2029": {
    "mse": 526323.9375,
    "mae": 579.7123413085938,
    "last_loss": 0.007208344683995549
  },
  "lstm_90_2030": {
    "mse": 422339.375,
    "mae": 522.3309326171875,
    "last_loss": 0.007207147035957642
  },
  "transformer_90_2026": {
    "mse": 608315.0,
    "mae": 621.1463012695312,
    "last_loss": 0.007124426341812376
  },
  "transformer_90_2027": {
    "mse": 552118.9375,
    "mae": 580.79052734375,
    "last_loss": 0.007130906864685912
  },
  "transformer_90_2028": {
    "mse": 587030.875,
    "mae": 603.8966064453125,
    "last_loss": 0.007195396971901957
  },
  "transformer_90_2029": {
    "mse": 532804.0625,
    "mae": 581.2555541992188,
    "last_loss": 0.007206166681217056
  },
  "transformer_90_2030": {
    "mse": 605978.0,
    "mae": 613.31884765625,
    "last_loss": 0.007186446024078718
  },
  "hybrid_90_2026": {
    "mse": 509877.03125,
    "mae": 561.728271484375,
    "last_loss": 0.007656815442138575
  },
  "hybrid_90_2027": {
    "mse": 530246.9375,
    "mae": 577.853759765625,
    "last_loss": 0.0074934641187879404
  },
  "hybrid_90_2028": {
    "mse": 554559.4375,
    "mae": 579.1329956054688,
    "last_loss": 0.007089284615932216
  },
  "hybrid_90_2029": {
    "mse": 512887.28125,
    "mae": 568.5548706054688,
    "last_loss": 0.007610644213855267
  },
  "hybrid_90_2030": {
    "mse": 481043.9375,
    "mae": 545.4638061523438,
    "last_loss": 0.0077419899613924426
  },
  "lstm_365_2026": {
    "mse": 242341.625,
    "mae": 371.04803466796875,
    "last_loss": 0.008622558971822465
  },
  "lstm_365_2027": {
    "mse": 200151.046875,
    "mae": 332.9147644042969,
    "last_loss": 0.008803357742091088
  },
  "lstm_365_2028": {
    "mse": 191568.640625,
    "mae": 324.09429931640625,
    "last_loss": 0.008651122682864552
  },
  "lstm_365_2029": {
    "mse": 235421.40625,
    "mae": 365.851318359375,
    "last_loss": 0.008742547206224638
  },
  "lstm_365_2030": {
    "mse": 201245.171875,
    "mae": 333.8258056640625,
    "last_loss": 0.008718514195150686
  },
  "transformer_365_2026": {
    "mse": 323060.25,
    "mae": 437.2515563964844,
    "last_loss": 0.008771759397493287
  },
  "transformer_365_2027": {
    "mse": 300932.875,
    "mae": 420.427490234375,
    "last_loss": 0.008752891364739413
  },
  "transformer_365_2028": {
    "mse": 385158.3125,
    "mae": 480.54931640625,
    "last_loss": 0.008918655848721799
  },
  "transformer_365_2029": {
    "mse": 340263.15625,
    "mae": 449.5801696777344,
    "last_loss": 0.008873214141017544
  },
  "transformer_365_2030": {
    "mse": 327468.9375,
    "mae": 439.0450744628906,
    "last_loss": 0.00892093739513651
  },
  "hybrid_365_2026": {
    "mse": 212942.671875,
    "mae": 346.1488037109375,
    "last_loss": 0.009210773641974649
  },
  "hybrid_365_2027": {
    "mse": 204757.84375,
    "mae": 339.2064208984375,
    "last_loss": 0.008994524122403343
  },
  "hybrid_365_2028": {
    "mse": 240147.828125,
    "mae": 371.60394287109375,
    "last_loss": 0.008829941706089844
  },
  "hybrid_365_2029": {
    "mse": 215413.4375,
    "mae": 349.7128601074219,
    "last_loss": 0.009012636754013368
  },
  "hybrid_365_2030": {
    "mse": 231047.375,
    "mae": 362.4403076171875,
    "last_loss": 0.008970399841717078
  }
}