model,horizon,mse_mean,mse_std,mae_mean,mae_std
hybrid,90,488765.9375,48946.28867809463,553.59853515625,30.13581545634296
hybrid,365,255940.640625,1143.3576415151674,392.3695007324219,1.5663251840098151
lstm,90,463333.44375,22846.567802253558,540.4999145507812,14.371909966831158
lstm,365,249855.29375,4756.518305358345,387.5140380859375,4.1325650619941685
transformer,90,530704.4,52576.14210903583,578.319921875,35.61819900787831
transformer,365,277300.2125,5238.133183235468,408.80909423828126,4.5285577207212215
